{
    "action2name_path": "2019-06-26T07-08-art_vst_laed.py/2019-06-26T07-08-z.pkl.id_cluster.json", 
    "action_id_path": "2019-06-26T07-08-art_vst_laed.py/2019-06-26T07-08-z.pkl.cluster_id.json", 
    "action_noise_dim": 128, 
    "action_num": 300, 
    "attn_type": "cat", 
    "avg_type": "word", 
    "backward_size": 40, 
    "batch_size": 64, 
    "beam_size": 10, 
    "bi_ctx_cell": false, 
    "bi_enc_cell": false, 
    "bucket_num": 4, 
    "ckpt_step": 1000, 
    "clip": 7.0, 
    "ctx_cell_size": 100, 
    "data_dir": [
        "data/artificial"
    ], 
    "dec_cell_size": 100, 
    "domain": "multiwoz", 
    "dropout": 0.3, 
    "early_stop": true, 
    "embed_size": 20, 
    "enc_cell_size": 100, 
    "encoder_sess": "2019-06-26T07-08-art_vst_laed.py", 
    "fix_batch": false, 
    "forward_only": false, 
    "gan_ratio": 1, 
    "gan_ratio_g": 1, 
    "gan_type": "gan", 
    "gen_type": "greedy", 
    "greedy_q": true, 
    "gumbel_temp": 0.8, 
    "hier": true, 
    "improve_threshold": 0.996, 
    "init_lr": 0.0001, 
    "init_w": 0.08, 
    "input_type": "sa", 
    "k": 3, 
    "l2_lambda": 0.0001, 
    "load_sess": "2018-02-04T01-20-45", 
    "log_dir": "logs", 
    "lr_decay": 0.6, 
    "lr_hold": 1, 
    "mask_onehot_path": "/home/raleigh/work/Dp-without-Adv/gan_v/mask_python2_onehot.pkl", 
    "mask_path": "/home/raleigh/work/Dp-without-Adv/gan_v/mask.pkl", 
    "max_dec_len": 20, 
    "max_epoch": 3000, 
    "max_epoch_list": [
        3000, 
        300, 
        300, 
        300, 
        300, 
        300, 
        300
    ], 
    "max_patience": 30, 
    "max_utt_len": 40, 
    "max_vocab_cnt": 1000, 
    "max_vocab_size": 1000, 
    "momentum": 0.0, 
    "num_layer": 1, 
    "op": "adam", 
    "patient_increase": 2.0, 
    "preview_batch_num": 1, 
    "print_step": 500, 
    "record_step": 16, 
    "rnn_cell": "gru", 
    "round_for_disc": false, 
    "save_model": true, 
    "seed": 99, 
    "session_dir": "logs/2020-11-21T09:48:23.073058-mwoz_gan_vae.py", 
    "sim_factor": 0.0, 
    "state_in_size": 120, 
    "state_noise_dim": 128, 
    "state_out_size": 392, 
    "state_type": "table", 
    "step_size": 1, 
    "train_prior": false, 
    "use_attn": false, 
    "use_attribute": true, 
    "use_gpu": true, 
    "use_mutual": true, 
    "use_reg_kl": true, 
    "utt_cell_size": 100, 
    "utt_type": "attn_rnn", 
    "vae": false, 
    "vae_embed_size": 64, 
    "vae_encoder": "gru", 
    "vae_loss": "bce", 
    "vae_max_patience": 100, 
    "vae_train": true, 
    "wgan_w_clip": 0.01, 
    "y_size": 4
}